chunk_id,topic,source_name,source_url,text
CC-001,Cycle basics,Cleveland Clinic,[https://clevelandclinic.org/health/articles/10132-menstrual-cycle](https://clevelandclinic.org/health/articles/10132-menstrual-cycle),"The menstrual cycle is the monthly sequence of changes a body undergoes to prepare for a possible pregnancy. Each month, an ovary releases an egg, and hormones cause the lining of the uterus (womb) to thicken. If the egg is not fertilized, the body sheds this extra uterine lining through the vagina as a menstrual period. Day 1 of your cycle is the very first day your period bleeding begins. A typical menstrual period usually lasts between 3 and 7 days, and average blood loss is around 2 to 3 tablespoons (30 to 45 milliliters), though this varies from person to person."
CC-002,Cycle basics,Cleveland Clinic,[https://clevelandclinic.org/health/articles/10132-menstrual-cycle](https://clevelandclinic.org/health/articles/10132-menstrual-cycle),"The menstrual cycle is divided into four distinct phases: the menstrual phase, the follicular phase, ovulation, and the luteal phase. The menstrual phase begins on Day 1 when period bleeding starts as the uterine lining sheds. During the follicular phase, hormones signal the ovaries to develop a fluid-filled sac containing an egg while the uterine lining thickens. Ovulation occurs mid-cycle when the mature egg is released from the ovary into the fallopian tube. Finally, during the luteal phase, hormones maintain the thick lining; if pregnancy does not occur, hormone levels drop, triggering the start of the next period."
CC-003,Cramps and pain relief,Cleveland Clinic,[https://clevelandclinic.org/health/articles/10132-menstrual-cycle](https://clevelandclinic.org/health/articles/10132-menstrual-cycle),"Period cramps (dysmenorrhea) are a common symptom caused by muscle contractions in the uterus. During your period, the body produces chemical signals called prostaglandins that cause the uterine muscles to squeeze and tighten to help shed its lining. Higher levels of prostaglandins can lead to stronger, more uncomfortable cramps in the lower abdomen or lower back. Mild to moderate cramping on the first few days of a period is normal. Other common premenstrual symptoms include mild bloating, fatigue, breast tenderness, and temporary mood changes."
CC-004,Normal flow vs. when off,Cleveland Clinic,[https://my.clevelandclinic.org/health/diseases/14633-abnormal-menstruation-periods](https://my.clevelandclinic.org/health/diseases/14633-abnormal-menstruation-periods),"An irregular period means cycle timing, duration, or flow heaviness changes unpredictably from month to month. Common forms of irregularity include amenorrhea and oligomenorrhea. Amenorrhea is the complete absence of periods—either not starting your first period by age 15, or missing periods for 3 consecutive months when not pregnant. Oligomenorrhea refers to infrequent periods that occur more than 35 days apart. For teenagers, irregular cycles are very common during the first few years after menarche as body hormones balance out, but frequent missed periods should be discussed with a doctor."
CC-005,Red flags,Cleveland Clinic,[https://my.clevelandclinic.org/health/diseases/14633-abnormal-menstruation-periods](https://my.clevelandclinic.org/health/diseases/14633-abnormal-menstruation-periods),"Certain menstrual symptoms require evaluation by a healthcare professional. Medical red flags include bleeding so heavily that you soak through one or more sanitary pads or tampons every hour for consecutive hours, passing large blood clots, or experiencing periods that last longer than 7 days. Bleeding between periods or after sexual activity is also abnormal. Additionally, if severe period pain prevents you from attending school or carrying out daily activities despite rest, or if you feel unusually dizzy, weak, or fatigued (signs of anemia from blood loss), you should consult a doctor."
ACOG-001,Cycle basics,ACOG Clinical Guidance,[https://www.acog.org/clinical/clinical-guidance/committee-opinion/articles/2015/12/menstruation-in-girls-and-adolescents-using-the-menstrual-cycle-as-a-vital-sign](https://www.acog.org/clinical/clinical-guidance/committee-opinion/articles/2015/12/menstruation-in-girls-and-adolescents-using-the-menstrual-cycle-as-a-vital-sign),"For teenagers during the first 1 to 3 years after their first period, normal cycle length ranges between 21 and 45 days. This is wider and more variable than the typical adult cycle range of 21 to 35 days. Adolescent cycles are often irregular because the body's hormonal system (the hypothalamic-pituitary-ovarian axis) is still maturing and may not release an egg every month (anovulatory cycles). Tracking period start dates against this 21 to 45 day window helps teenagers monitor their health without unnecessary worry over minor timing shifts."
ACOG-002,Puberty basics,ACOG Clinical Guidance,[https://www.acog.org/clinical/clinical-guidance/committee-opinion/articles/2015/12/menstruation-in-girls-and-adolescents-using-the-menstrual-cycle-as-a-vital-sign](https://www.acog.org/clinical/clinical-guidance/committee-opinion/articles/2015/12/menstruation-in-girls-and-adolescents-using-the-menstrual-cycle-as-a-vital-sign),"A teenager's very first menstrual period is called menarche. On average, most girls get their first period between ages 12 and 13, but starting anytime between ages 10 and 15 is clinically normal. A typical period for an adolescent lasts between 2 and 7 days. If a teenager has not developed secondary sexual characteristics (such as breast development) by age 13, or has not started bleeding by age 15, a medical evaluation by a doctor is recommended."
ACOG-003,Red flags,ACOG Clinical Guidance,[https://www.acog.org/clinical/clinical-guidance/committee-opinion/articles/2015/12/menstruation-in-girls-and-adolescents-using-the-menstrual-cycle-as-a-vital-sign](https://www.acog.org/clinical/clinical-guidance/committee-opinion/articles/2015/12/menstruation-in-girls-and-adolescents-using-the-menstrual-cycle-as-a-vital-sign),Clinical criteria for evaluating teenage menstrual health require contacting a doctor if any of the following occur: periods consistently occurring less than 21 days apart or more than 45 days apart; periods lasting longer than 7 consecutive days; bleeding so heavy it requires changing a pad or tampon every 1 to 2 hours; missing periods for more than 90 days (3 months); or experiencing severe menstrual pain that causes frequent absence from school or daily activities.
CDC-001,Hygiene,CDC Menstrual Hygiene Guidelines,[https://www.cdc.gov/hygiene/about/menstrual-hygiene.html](https://www.cdc.gov/hygiene/about/menstrual-hygiene.html),"Proper daily hygiene during your period protects against bacterial infections and skin irritation. Wash the external genital area (the vulva) once or twice daily with clean, warm water or a mild, unscented soap. Never use harsh soaps, scented body washes, or douching products, and never clean inside the vagina. The vagina is self-cleaning, and internal washing alters natural pH levels, increasing the risk of yeast infections and bacterial vaginosis."
CDC-002,Hygiene,CDC Menstrual Hygiene Guidelines,[https://www.cdc.gov/hygiene/about/menstrual-hygiene.html](https://www.cdc.gov/hygiene/about/menstrual-hygiene.html),"Sanitary pads should be changed every 4 to 8 hours, or sooner if the flow is heavy, to prevent odor buildup and bacterial growth. Always wash your hands before and after changing any menstrual product. When using the bathroom or changing a pad, wipe strictly from front to back (from the vagina toward the anus). Wiping from back to front can transfer harmful intestinal bacteria into the urethra or vagina, causing urinary tract infections (UTIs)."
CDC-003,Puberty basics,CDC Menstrual Hygiene Guidelines,[https://www.cdc.gov/hygiene/about/menstrual-hygiene.html](https://www.cdc.gov/hygiene/about/menstrual-hygiene.html),"To manage periods comfortably at school or away from home, prepare a small discreet kit with extra pads, a plastic disposal bag, and spare underwear. Used disposable pads should be wrapped securely in toilet paper or their original wrapper and thrown into a trash bin. Never flush sanitary pads down the toilet, as they cause plumbing blockages. Wearing breathable cotton underwear helps keep the genital area dry and reduces moisture buildup."
UNICEF-KH-001,Common myths,UNICEF Cambodia MHM Program,[https://www.unicef.org/cambodia/stories/lets-talk-about-periods](https://www.unicef.org/cambodia/stories/lets-talk-about-periods),"Common local beliefs in Cambodia suggest that eating sour or cold foods—such as green mangoes, pickles, or ice water—during your period will freeze or stop your menstrual flow. Medical science confirms this is untrue. What you eat and drink does not freeze or block blood flow in the uterus. Drinking fresh coconut water or cold water is completely safe, healthy, and helps keep your body hydrated during menstruation. You can eat your regular diet without fear during your period."
UNICEF-KH-002,Common myths,UNICEF Cambodia MHM Program,[https://www.unicef.org/cambodia/stories/lets-talk-about-periods](https://www.unicef.org/cambodia/stories/lets-talk-about-periods),"Menstrual blood is not ""dirty,"" ""toxic,"" or dangerous body waste—it is simply the natural shedding of the healthy lining that your body built up to support a potential pregnancy. Having a period is a normal sign that your reproductive system is healthy. Bathing, washing your hair, playing sports, and interacting with friends or boys during your period will not cause illness, disease, or unexpected pregnancy. Menstruation is a normal biological process, not something shameful to hide."
UNICEF-KH-003,Puberty basics,UNICEF Cambodia MHM Program,[https://www.unicef.org/cambodia/stories/lets-talk-about-periods](https://www.unicef.org/cambodia/stories/lets-talk-about-periods),"Many teenage girls miss school during their periods due to fear of unexpected blood stains, lack of changing facilities, or cramps. You do not need to stay home from school when you have your period. Carrying 2 to 3 spare pads and a small plastic bag in your school bag ensures you are prepared. If you experience cramps or feel unwell during class, speak privately with a trusted female teacher or school nurse for support so you can continue your education comfortably without falling behind."
NHS-001,Puberty basics,NHS Teen Health Advisory,[https://www.nhs.uk/conditions/periods/starting-periods/](https://www.nhs.uk/conditions/periods/starting-periods/),"Most girls start their periods around age 12, but starting anywhere between ages 8 and 17 is normal. Signs that your body is preparing for its first period include breast growth, growing pubic and underarm hair, and experiencing clear or white vaginal discharge. Typically, a first period arrives about 2 years after breasts begin developing. First periods are often very light and may look like brownish spotting rather than bright red blood."
NHS-002,Cramps and pain relief,NHS Teen Health Advisory,[https://www.nhs.uk/conditions/periods/starting-periods/](https://www.nhs.uk/conditions/periods/starting-periods/),"Mild to moderate period cramps can be managed at home using simple warmth and gentle movement. Placing a warm water bottle or heating pad on your lower stomach or back helps relax contracting uterine muscles. Taking a warm bath, engaging in light exercise like walking or stretching, and massaging your lower abdomen can also ease discomfort. Drinking warm liquids and getting enough rest further support cramp relief."
NHS-003,Puberty basics,NHS Teen Health Advisory,[https://www.nhs.uk/conditions/periods/starting-periods/](https://www.nhs.uk/conditions/periods/starting-periods/),"Accidental blood leaks on clothing happen to almost everyone and are nothing to feel ashamed about. If a leak occurs at school, tying a sweater or jacket around your waist covers the spot until you can change. Keep a spare pair of underwear and extra pads in your bag. Talking about periods with a parent, trusted teacher, or school nurse helps you get comfortable asking for products or advice whenever you feel unprepared."
WHO-001,Cramps and pain relief,WHO Menstrual Health Guidelines,[https://www.who.int/news-room/fact-sheets/detail/menstrual-health](https://www.who.int/news-room/fact-sheets/detail/menstrual-health),"Menstrual pain (dysmenorrhea) is extremely common worldwide, affecting more than 2 out of 3 adolescent girls and women. In addition to bleeding, common symptoms include abdominal cramps, lower back pain, headaches, fatigue, and mood changes linked to hormonal shifts. Normalizing these symptoms helps adolescents understand that experiencing discomfort is a common biological experience, while also reinforcing that severe pain should be evaluated rather than silently endured."
WHO-002,Normal flow vs. when off,WHO Menstrual Health Guidelines,[https://www.who.int/news-room/fact-sheets/detail/menstrual-health](https://www.who.int/news-room/fact-sheets/detail/menstrual-health),"Heavy menstrual bleeding can significantly drain body iron stores over time, increasing the risk of iron deficiency anemia. Globally, anemia affects nearly one-third of women and adolescent girls. Key symptoms of anemia include ongoing fatigue, pale skin, weakness, dizziness, and shortness of breath during daily activities. Adolescents experiencing unusually heavy flow alongside constant exhaustion should be evaluated by a healthcare professional."
WHO-003,Puberty basics,WHO Menstrual Health Guidelines,[https://www.who.int/news-room/fact-sheets/detail/menstrual-health](https://www.who.int/news-room/fact-sheets/detail/menstrual-health),"Menstrual health is a matter of human rights, personal dignity, and gender equality. Worldwide, social taboos, lack of accurate information, and poor school sanitation facilities force many adolescent girls to miss school during their periods. Ensuring access to age-appropriate education, clean water, private sanitation, and affordable products enables girls to manage their periods safely, without shame or interruption to their education."
,,,,
ACOG-004,Mood/mental health,ACOG Clinical Guidance,[https://www.acog.org/womens-health/faqs/premenstrual-syndrome](https://www.acog.org/womens-health/faqs/premenstrual-syndrome),"Premenstrual Syndrome (PMS) involves physical and emotional changes that happen in the days before your period starts. While mild mood swings, irritability, and sadness are common due to fluctuating progesterone and estrogen levels, severe emotional distress that interferes with daily life or relationships may indicate Premenstrual Dysphoric Disorder (PMDD). Tracking mood changes alongside physical symptoms for 2 to 3 consecutive cycles helps healthcare providers distinguish normal PMS from conditions requiring support."
CDC-004,Hygiene,CDC Menstrual Hygiene Guidelines,[https://www.cdc.gov/hygiene/about/menstrual-hygiene.html](https://www.cdc.gov/hygiene/about/menstrual-hygiene.html),"Toxic Shock Syndrome (TSS) is a rare but serious bacterial infection linked to menstrual product use, particularly high-absorbency tampons. To minimize TSS risk, use the lowest absorbency tampon necessary for your flow, never leave a single tampon inserted for longer than 8 hours, and alternate between tampons and sanitary pads (especially overnight). If you develop a sudden high fever, vomiting, dizziness, or a sunburn-like rash while using a tampon, remove it immediately and seek medical care."
CDC-005,Hygiene,CDC Menstrual Hygiene Guidelines,[https://www.cdc.gov/hygiene/about/menstrual-hygiene.html](https://www.cdc.gov/hygiene/about/menstrual-hygiene.html),"Reusable menstrual products, such as reusable cloth pads or silicone menstrual cups, require strict cleaning procedures to prevent infections. Reusable pads should be rinsed in cold water first, washed thoroughly with soap and warm water, and dried completely in direct sunlight or a well-ventilated area before reuse. Menstrual cups must be emptied every 8 to 12 hours, washed with clean water and mild unscented soap during your period, and boiled in water between cycles to sanitize them completely."
NHS-004,Cramps and pain relief,NHS Teen Health Advisory,[https://www.nhs.uk/conditions/periods/period-pain/](https://www.nhs.uk/conditions/periods/period-pain/),"What you eat and drink around your period can influence how severe your cramps and bloating feel. Staying well-hydrated by drinking water reduces fluid retention and bloating. Reducing high-sodium (salty) snacks, caffeine, and sugary foods in the days leading up to your period helps minimize inflammation and abdominal discomfort. Choosing foods rich in magnesium and omega-3 fatty acids, such as leafy greens, nuts, and seeds, can also support natural muscle relaxation during uterine contractions."
NHS-005,Cycle basics,NHS Teen Health Advisory,[https://www.nhs.uk/conditions/periods/starting-periods/](https://www.nhs.uk/conditions/periods/starting-periods/),"Vaginal discharge changes in color, texture, and amount throughout different phases of your menstrual cycle. Immediately after your period, discharge is typically minimal. Mid-cycle near ovulation, increased estrogen causes discharge to become clear, slippery, and stretchy (similar to raw egg whites). During the luteal phase, discharge becomes thicker and white. Experiencing clear or white, odorless discharge is completely normal, but discharge that is yellow, green, clumpy, foul-smelling, or accompanied by itching indicates a potential infection."
WHO-004,Normal flow vs. when off,WHO Menstrual Health Guidelines,[https://www.who.int/news-room/fact-sheets/detail/menstrual-health](https://www.who.int/news-room/fact-sheets/detail/menstrual-health),"Menstrual products come in different absorbencies and styles to match individual flow levels and daily activities. External options like sanitary pads attach to underwear and are easiest for beginners. Internal options like tampons and menstrual cups fit inside the vagina and allow swimming or active sports without leaks. Choosing the right product depends on comfort, accessibility, flow heaviness, and personal preference, and teenagers can safely use any method they feel comfortable with."
WHO-005,Puberty basics,WHO Menstrual Health Guidelines,[https://www.who.int/news-room/fact-sheets/detail/menstrual-health](https://www.who.int/news-room/fact-sheets/detail/menstrual-health),"Exercising during your period is safe, healthy, and helpful for managing menstrual symptoms. Physical activity causes your brain to release endorphins, which act as natural pain relievers and mood boosters. Gentle exercises like walking, swimming, cycling, or yoga can relieve pelvic pressure and ease cramp intensity. You do not need to rest continuously or avoid sports during your period unless severe pain or dizziness prevents safe physical movement."
CC-006,Cycle basics,Cleveland Clinic,[https://clevelandclinic.org/health/articles/10132-menstrual-cycle](https://clevelandclinic.org/health/articles/10132-menstrual-cycle),"Digital period tracking apps and paper calendars are effective tools for monitoring menstrual health. Logging the start and end dates of your bleeding each month allows you to calculate your personal average cycle length and predict upcoming periods. Additionally, recording symptom severity, flow heaviness, and mood changes over time provides valuable data to share with a doctor or parent if you ever suspect your cycle is irregular or abnormally painful."
UNICEF-KH-004,Common myths,UNICEF Cambodia MHM Program,[https://www.unicef.org/cambodia/stories/lets-talk-about-periods](https://www.unicef.org/cambodia/stories/lets-talk-about-periods),"A widespread misconception is that washing your hair or taking a full shower during your period will cause blood clotting, illness, or abnormal flow. Medical science confirms that water touching your body or scalp has no effect on internal uterine bleeding or hormone levels. Taking warm baths or showers during your period is completely safe, helps keep your body clean, prevents unpleasant odors, and relaxes sore muscles."
UNICEF-KH-005,Puberty basics,UNICEF Cambodia MHM Program,[https://www.unicef.org/cambodia/stories/lets-talk-about-periods](https://www.unicef.org/cambodia/stories/lets-talk-about-periods),"Breaking the silence around menstruation starts with open, supportive communication. Talking to female family members, older sisters, close friends, or school health staff helps normalize periods and removes fear. Period products are essential health items, not embarrassing objects, and asking for a pad or advice should be treated with the same natural comfort as asking for any basic healthcare necessity."